,label,area,index_png
0,0,481628.2436510842,1867
1,1,140187.56237726694,157
2,2,440740.06204145955,3240
3,3,590227.5419954751,2792
