,label,area,index_png
0,0,277034.2999139515,4019
1,1,259664.87722004324,134
2,2,793553.7791103172,1610
