,index,hgt_median_m,area
0,4019,6.87,153.80266840838968
1,134,3.12,8.979256422722834
2,1610,3.05,188.24183447040065
