,label,area,index_png
0,0,295691.1706946943,2139
1,1,301605.53230945085,2539
2,2,206082.88878500139,134
3,3,249463.62821789554,2637
4,4,17437.53973053046,1558
5,5,259972.1965067395,450
