,index,hgt_median_m,area
0,1867,11.35,351.70870421537046
1,157,13.3,65.63990741066887
2,3240,11.75,197.15136709850665
3,2792,13.43,221.9734681740022
