,label,area,index_png
0,0,114133.18987428813,1947
1,1,150848.9981879087,5120
2,2,278140.99757991655,2023
3,3,161839.12435036025,6786
4,4,300956.6618667053,5708
5,5,39967.43485011318,2424
