Cluster Center,Closest Point Index
"[3.265864849090576, -0.324493408203125]",2441
"[12.111845016479492, 6.484199523925781]",8834
"[8.251038551330566, 4.685787200927734]",21234
"[-1.861008644104004, 3.512777328491211]",1618
"[8.301032066345215, 0.3632972240447998]",6145
