idf.kw,OBJECTID,FootprintArea.m2,building.area.m2
MultiFamily-2004,3633796,92557.10315514333,158497.8048
MultiFamily-2013,93780,1705.6773490824276,3983.2733
MultiFamily-pre-1980,34505505,591077.2310320063,982766.7111
SingleFamily-2004,23255063,541223.0849623021,766668.9554
SingleFamily-2013,179575,4736.550538599898,6614.9445
SingleFamily-pre-1980,125842903,2043520.7346772752,1679455.5829
