,index,area
0,1389,1141716.3815
1,17469,728261.4942000001
2,1881,243567.91410000002
3,3464,1193941.6029
4,1310,291030.5241
