OBJECTID,Shape_Area_1,height
1310,4164.674552734375,31.51
1389,4013.1488625,22.13
1881,5039.12215,25.11
3464,6501.8689,21.97
17469,6028.4338,15.03
